,User_id,Merchant_id,Coupon_id,Discount_rate,Distance,Date_received,Date
241708,4918752,2099,12034.0,100:10,2.0,20160126.0,
50528,3692468,6485,,,0.0,,20160325.0
1043208,2147581,2237,,,10.0,,20160611.0
1416546,628670,6609,,,2.0,,20160423.0
846343,4999861,4142,4773.0,100:10,1.0,20160130.0,20160131.0
839573,5362249,3381,,,1.0,,20160423.0
791513,3830454,3381,,,1.0,,20160124.0
976517,4597810,3786,,,1.0,,20160224.0
1557797,2649083,4102,,,10.0,,20160403.0
1524372,4585230,5074,8595.0,100:30,0.0,20160520.0,
1625702,6083034,1569,5054.0,200:30,2.0,20160425.0,
1693575,5564915,3022,12051.0,30:5,0.0,20160419.0,
1277265,1402377,2804,10326.0,30:5,,20160125.0,
1288636,2450470,2432,,,0.0,,20160424.0
1653827,6600563,2854,,,4.0,,20160313.0
1580829,2264141,3381,11951.0,200:20,0.0,20160129.0,
497335,7012435,2436,,,1.0,,20160624.0
80494,3496934,3773,836.0,20:5,2.0,20160523.0,
1213685,1942998,3381,1807.0,300:30,10.0,20160128.0,
825892,1835128,8800,,,2.0,,20160326.0
30465,6696744,6424,1315.0,100:10,10.0,20160129.0,
752657,406863,8077,6680.0,100:10,1.0,20160128.0,
224834,1269353,2709,7347.0,100:30,,20160611.0,20160616.0
27503,5550876,1487,7849.0,20:1,0.0,20160108.0,
281589,7188461,3169,6602.0,20:1,0.0,20160512.0,20160517.0
1523840,6659850,2454,8452.0,30:5,0.0,20160522.0,
1214961,5999452,3493,,,0.0,,20160506.0
450326,3628767,7232,,,3.0,,20160114.0
1487957,2476811,5010,13273.0,20:1,4.0,20160501.0,
143533,1137446,3927,,,4.0,,20160524.0
1483333,6583785,8775,466.0,10:5,1.0,20160325.0,20160327.0
298574,4280585,2099,12034.0,100:10,0.0,20160128.0,
1056968,4659927,3381,11951.0,200:20,1.0,20160129.0,
938039,7055134,4142,,,0.0,,20160611.0
645545,1836772,3710,13056.0,150:10,1.0,20160129.0,
794082,1981789,1125,,,1.0,,20160321.0
1104444,6135255,599,,,0.0,,20160408.0
791048,2457270,6485,9407.0,100:10,7.0,20160203.0,
1176383,645212,4883,,,0.0,,20160626.0
1030527,3548881,1569,5738.0,0.8,10.0,20160108.0,
1054586,4411059,3381,1807.0,300:30,1.0,20160204.0,
1648391,5651231,3381,7610.0,200:20,0.0,20160429.0,
387754,6909962,471,13124.0,100:10,,20160515.0,
1697527,5872128,8013,4178.0,30:5,0.0,20160317.0,
1294091,385670,6683,,,0.0,,20160624.0
93841,4990968,3710,,,0.0,,20160129.0
963381,7009234,5364,,,0.0,,20160312.0
494128,6276127,7903,14033.0,20:1,2.0,20160423.0,
278550,7249853,1569,5054.0,200:30,0.0,20160401.0,
250191,1444991,6454,14031.0,100:10,,20160203.0,
1372565,1680984,7221,,,0.0,,20160616.0
1228823,3286468,6901,,,0.0,,20160526.0
1288371,2804260,3621,2705.0,20:5,0.0,20160514.0,
140540,714642,1433,8735.0,30:5,10.0,20160208.0,
22244,4008326,8425,,,3.0,,20160318.0
1428068,7207545,8390,,,1.0,,20160323.0
677542,6018044,6454,14031.0,100:10,5.0,20160129.0,
1608210,6495582,8158,13567.0,0.8,3.0,20160112.0,
433401,2353827,3532,5267.0,30:5,0.0,20160327.0,20160330.0
1037999,3574507,4195,7571.0,30:5,,20160524.0,
538543,5363240,4433,190.0,200:20,,20160201.0,
1497531,4506198,3621,2705.0,20:5,0.0,20160518.0,
888102,5219677,1379,,,1.0,,20160425.0
1697792,12543,1418,,,0.0,,20160315.0
166517,911133,5341,,,0.0,,20160617.0
330264,5056118,3381,11951.0,200:20,10.0,20160128.0,
825861,4979168,1945,,,0.0,,20160505.0
181518,6312216,1646,356.0,20:5,1.0,20160511.0,
580379,4939448,3532,,,0.0,,20160504.0
557638,4317800,2970,,,4.0,,20160228.0
765258,4630808,517,,,0.0,,20160201.0
716107,3497532,7974,7745.0,50:5,0.0,20160327.0,
1190763,2069955,1941,,,0.0,,20160524.0
54856,1098206,3888,11366.0,50:10,8.0,20160124.0,
1306632,3595330,3387,,,0.0,,20160618.0
776797,5057852,7555,17.0,30:5,10.0,20160125.0,
489236,6886351,450,8555.0,30:5,3.0,20160125.0,
1472204,4977969,2189,,,0.0,,20160625.0
899448,3208453,3621,4823.0,20:5,2.0,20160610.0,
988163,2848321,7019,3887.0,100:10,8.0,20160131.0,
908941,2442025,1540,,,0.0,,20160404.0
1006673,5086462,1433,8735.0,30:5,10.0,20160208.0,
1142066,2580280,8614,,,4.0,,20160522.0
805767,3325134,760,3237.0,20:5,0.0,20160123.0,
186372,3042452,6901,2366.0,30:5,0.0,20160525.0,
1540667,3977663,5341,,,0.0,,20160123.0
812149,605110,2709,2840.0,100:10,6.0,20160127.0,
615375,1135819,7418,13563.0,5:1,0.0,20160601.0,
834681,1901695,3117,5513.0,20:1,2.0,20160604.0,
350017,3134847,4356,12550.0,50:10,0.0,20160326.0,
616117,1829068,3621,2705.0,20:5,0.0,20160521.0,
896961,6356461,1803,,,1.0,,20160623.0
1026877,2336965,7663,,,1.0,,20160119.0
638776,1897951,4142,4773.0,100:10,0.0,20160123.0,
1151986,7096972,6324,5355.0,20:1,0.0,20160317.0,20160329.0
263086,4717253,760,2418.0,30:5,0.0,20160601.0,
1028439,4119241,5341,111.0,30:5,0.0,20160130.0,
144464,4549788,6454,14031.0,100:10,5.0,20160130.0,
188944,830502,2709,2840.0,100:10,3.0,20160124.0,
492214,4378627,7318,,,1.0,,20160607.0
678350,160352,1433,8735.0,30:5,10.0,20160213.0,
722476,1589794,2709,13165.0,100:10,8.0,20160530.0,
36962,3816350,3381,11951.0,200:20,3.0,20160129.0,
1687525,5781911,3571,11553.0,30:1,0.0,20160530.0,
1075473,4581375,2099,,,0.0,,20160516.0
1624136,4395474,2146,11173.0,100:10,,20160130.0,
1162754,6052528,5341,,,0.0,,20160306.0
368230,7055234,7910,,,0.0,,20160405.0
289751,6341753,7555,9871.0,30:5,10.0,20160415.0,
660070,507708,450,8555.0,30:5,0.0,20160129.0,
452008,2714853,760,2418.0,30:5,0.0,20160606.0,
1651655,6519635,1569,5054.0,200:30,6.0,20160412.0,
1406829,6054352,6134,,,0.0,,20160325.0
958259,6698926,3621,13398.0,0.9,8.0,20160117.0,
570095,802642,6901,,,10.0,,20160503.0
333714,7303826,380,6951.0,20:5,0.0,20160323.0,
715527,6349940,2934,,,0.0,,20160618.0
579458,2489178,1941,4927.0,30:5,0.0,20160327.0,
173688,407056,450,8555.0,30:5,1.0,20160131.0,
1195574,6771484,4070,179.0,20:1,,20160521.0,
698507,1858063,5341,111.0,30:5,0.0,20160123.0,
1610820,5909874,1469,,,0.0,,20160523.0
892102,5421469,2709,2840.0,100:10,1.0,20160124.0,
1484169,6702585,450,1532.0,30:5,1.0,20160519.0,
1488796,3993869,3381,4594.0,200:20,2.0,20160124.0,
394383,2713629,450,3732.0,30:5,0.0,20160418.0,
1394489,3016402,6901,2366.0,30:5,0.0,20160521.0,
1556283,2981879,2352,13500.0,20:1,,20160522.0,
6492,5135064,7679,8732.0,0.95,0.0,20160517.0,
519736,4219327,8122,,,0.0,,20160218.0
874787,5916805,7761,,,0.0,,20160606.0
763998,1149253,1520,2472.0,50:5,,20160115.0,
690249,5019680,2099,12034.0,100:10,0.0,20160207.0,
1550487,5872578,8305,9099.0,200:50,0.0,20160521.0,
1227753,6299524,1433,9476.0,20:5,10.0,20160125.0,
863781,5973973,7019,3887.0,100:10,10.0,20160130.0,
526963,1713793,7483,,,10.0,,20160515.0
558893,1943452,5591,8156.0,20:1,4.0,20160516.0,20160522.0
1346233,1974594,4173,,,0.0,,20160613.0
857515,6840169,6901,,,0.0,,20160626.0
844065,5810833,5127,,,0.0,,20160620.0
1010068,2615947,5341,111.0,30:5,0.0,20160203.0,
1553357,3553259,800,,,0.0,,20160610.0
1212796,2591146,230,,,0.0,,20160414.0
1510872,4125017,6434,10050.0,50:5,10.0,20160125.0,
1582454,3187283,3381,,,0.0,,20160416.0
1714342,3933470,4771,,,0.0,,20160518.0
408241,5630102,5341,,,0.0,,20160627.0
1361184,5966140,3381,11951.0,200:20,9.0,20160128.0,
329532,5014130,6504,6679.0,30:1,,20160318.0,
180858,741027,775,,,1.0,,20160326.0
1238899,6273964,450,8555.0,30:5,2.0,20160201.0,
464961,5427799,1469,,,0.0,,20160116.0
1131708,1600146,2709,12207.0,200:20,1.0,20160127.0,
1131396,3826468,96,,,0.0,,20160512.0
966963,3800053,760,,,0.0,,20160506.0
193194,292372,2436,3992.0,30:5,1.0,20160422.0,
1027923,2965705,4002,,,1.0,,20160307.0
168266,7189740,1169,,,0.0,,20160122.0
929041,2577265,1569,1883.0,100:30,10.0,20160203.0,
1679380,6933779,3652,3481.0,20:1,0.0,20160529.0,
1275241,211617,4663,13304.0,150:20,3.0,20160525.0,
1490571,4822566,2934,,,0.0,,20160204.0
927333,4039531,1433,8923.0,30:5,0.0,20160520.0,
1408920,4436440,3786,9038.0,10:5,10.0,20160202.0,
423689,5656838,5717,12349.0,20:5,0.0,20160124.0,
164769,4086896,1169,10929.0,200:30,0.0,20160129.0,20160206.0
1324698,197862,1826,,,0.0,,20160423.0
43308,1634516,5341,,,0.0,,20160226.0
1613479,7128450,7418,2802.0,5:1,10.0,20160510.0,
150468,3154520,4142,,,0.0,,20160220.0
405211,5807234,450,1532.0,30:5,1.0,20160518.0,
924254,7177918,2761,,,1.0,,20160627.0
229390,1070189,6284,7379.0,50:10,10.0,20160124.0,
1675435,6466775,3381,7610.0,200:20,1.0,20160430.0,
218974,3107018,1417,,,0.0,,20160427.0
257807,6244973,4142,,,0.0,,20160606.0
1722955,2739500,1945,,,1.0,,20160416.0
941503,4741942,3621,12993.0,20:5,0.0,20160516.0,
869984,7085113,4660,1480.0,100:10,10.0,20160126.0,
689510,6998048,5220,,,0.0,,20160218.0
1010465,3890317,6513,10729.0,150:10,7.0,20160503.0,
1218543,5504872,2934,,,0.0,,20160113.0
629430,1188055,4309,,,0.0,,20160618.0
1703533,1695878,3284,4481.0,30:1,0.0,20160205.0,
1372658,678572,6454,14031.0,100:10,0.0,20160202.0,
1069622,7084959,1637,,,0.0,,20160228.0
181964,5621016,3381,,,1.0,,20160513.0
494414,6582307,801,,,0.0,,20160508.0
546864,4554308,4059,7166.0,100:10,2.0,20160124.0,
1524083,3121031,450,8555.0,30:5,0.0,20160202.0,
1445959,5982093,1080,9296.0,10:5,0.0,20160525.0,
674858,1593340,877,,,0.0,,20160618.0
1645237,5723879,7113,6928.0,200:20,0.0,20160608.0,
168070,5564652,3381,7610.0,200:20,6.0,20160402.0,
1268612,4760584,7422,4727.0,0.8,0.0,20160504.0,
401116,5848166,4356,,,2.0,,20160316.0
60574,1984226,5341,11539.0,30:5,0.0,20160203.0,20160211.0
686835,2266122,1569,1883.0,100:30,2.0,20160123.0,
488542,6694855,2610,,,0.0,,20160323.0
912596,7097962,6683,,,10.0,,20160611.0
217901,2357960,8077,,,3.0,,20160216.0
329293,4860530,3381,7610.0,200:20,,20160408.0,
952660,3230659,8473,3034.0,20:5,0.0,20160326.0,
1437586,5759757,1478,,,1.0,,20160607.0
1630796,6761982,3532,,,0.0,,20160409.0
1411585,723260,450,1532.0,30:5,0.0,20160523.0,
913910,4810354,775,,,7.0,,20160430.0
30848,716133,3381,9776.0,10:5,2.0,20160129.0,
1409671,6702556,974,4470.0,50:5,0.0,20160412.0,
1310827,3650122,2987,9653.0,200:20,9.0,20160327.0,
1088713,5408979,6880,,,1.0,,20160407.0
689391,1482760,3381,11951.0,200:20,1.0,20160129.0,
487104,5089195,7555,17.0,30:5,2.0,20160125.0,
1127108,6585916,6434,10050.0,50:5,10.0,20160124.0,
963136,6116302,450,13295.0,20:5,0.0,20160514.0,
168437,3352184,2099,12034.0,100:10,0.0,20160207.0,
562477,1541791,2934,,,0.0,,20160119.0
957130,2575315,1469,2601.0,100:20,10.0,20160520.0,
554044,6728288,7213,,,1.0,,20160529.0
1747885,566613,1520,3642.0,50:5,,20160117.0,
123061,2077205,5341,,,0.0,,20160611.0
797241,3774144,4126,,,0.0,,20160213.0
781993,6061388,3563,4031.0,100:20,,20160506.0,
378300,6279110,913,,,0.0,,20160521.0
174711,223144,1433,9476.0,20:5,10.0,20160124.0,
1523411,3089285,5041,,,8.0,,20160630.0
923866,3114847,5006,,,0.0,,20160322.0
1697841,2954498,1945,8942.0,30:5,0.0,20160520.0,
508387,5233927,7838,12429.0,0.95,0.0,20160405.0,
50117,3253172,6683,,,0.0,,20160321.0
1263579,17028,4582,1015.0,0.95,0.0,20160327.0,
1187975,124108,3532,,,0.0,,20160418.0
618947,671719,2295,3707.0,10:1,,20160521.0,
1299278,491015,5507,,,0.0,,20160401.0
1713571,5317176,5341,11539.0,30:5,0.0,20160126.0,20160129.0
726478,2183244,3875,,,9.0,,20160502.0
1488498,2874125,8392,11295.0,20:1,10.0,20160514.0,
1719072,2935076,6485,10323.0,20:5,0.0,20160324.0,
935702,3798919,450,3732.0,30:5,8.0,20160424.0,
1713305,4220472,7555,9871.0,30:5,6.0,20160415.0,
1034049,6067642,760,,,0.0,,20160521.0
543298,1826191,6485,10323.0,20:5,0.0,20160325.0,
426868,4098189,4649,7851.0,50:5,0.0,20160530.0,
1532122,3115427,5813,,,0.0,,20160612.0
1078752,6002739,6775,10028.0,30:5,0.0,20160612.0,
189365,2293400,6485,9407.0,100:10,1.0,20160211.0,
441526,2764479,495,,,1.0,,20160507.0
1250110,2487784,2365,,,0.0,,20160427.0
589770,1006939,2934,5686.0,30:5,,20160322.0,
996084,5731510,3381,7610.0,200:20,,20160326.0,
515426,6243703,1080,,,0.0,,20160303.0
388244,2928135,797,3796.0,30:5,,20160327.0,
914640,4045117,7717,13423.0,20:1,1.0,20160422.0,
1508376,4993698,3710,13056.0,150:10,2.0,20160126.0,
807489,448602,1604,,,0.0,,20160418.0
1499824,3830579,450,3732.0,30:5,6.0,20160423.0,
402515,4892786,4860,9586.0,100:30,4.0,20160131.0,
1693629,5878259,1569,5054.0,200:30,2.0,20160429.0,
1726093,1387928,4660,1480.0,100:10,5.0,20160124.0,
816257,1371760,2709,12207.0,200:20,,20160204.0,
1299084,1302300,2691,58.0,100:10,2.0,20160124.0,
558057,2209590,6434,10050.0,50:5,0.0,20160124.0,
590791,1743031,5341,11539.0,30:5,0.0,20160126.0,
792472,5490032,1005,,,4.0,,20160506.0
1148738,3977536,3621,4033.0,20:5,,20160611.0,
681854,1899265,3381,7610.0,200:20,2.0,20160330.0,
1559952,3098627,7913,7211.0,30:5,0.0,20160427.0,
659370,100847,1469,7430.0,50:20,1.0,20160601.0,
1014787,2191003,450,1532.0,30:5,10.0,20160515.0,
192237,3325598,4860,9586.0,100:30,10.0,20160129.0,
23861,328561,2046,3200.0,100:10,0.0,20160130.0,
73819,1469933,499,,,0.0,,20160119.0
969161,2487805,6650,13008.0,30:1,0.0,20160514.0,
1010138,2634379,2934,,,2.0,,20160421.0
372184,3185613,3717,,,0.0,,20160521.0
1427251,4684401,3284,,,0.0,,20160319.0
507696,5273851,7019,3887.0,100:10,,20160131.0,
660894,863224,7483,4794.0,10:5,0.0,20160323.0,
1686948,6760847,1941,,,2.0,,20160628.0
582398,2189664,1379,,,2.0,,20160324.0
6762,4037996,7019,3887.0,100:10,10.0,20160131.0,
365711,2248119,8077,6680.0,100:10,6.0,20160129.0,
184816,1416521,7977,,,0.0,,20160428.0
1375893,6044008,2099,12034.0,100:10,7.0,20160204.0,
1138654,1729944,6901,2366.0,30:5,1.0,20160530.0,
243892,543549,6135,6330.0,10:1,0.0,20160407.0,20160415.0
770787,648613,2436,,,2.0,,20160522.0
1077181,4451355,4579,,,3.0,,20160326.0
1202144,766310,3381,7610.0,200:20,4.0,20160427.0,
108060,254497,3532,,,2.0,,20160122.0
187736,1538891,209,11063.0,100:10,1.0,20160206.0,
1488466,3388685,5717,,,0.0,,20160623.0
551543,6921812,3381,7610.0,200:20,10.0,20160415.0,
1501944,5441142,2934,,,9.0,,20160314.0
106327,2328590,3710,,,1.0,,20160430.0
727950,3534414,4909,3165.0,100:10,3.0,20160125.0,
1215879,1754328,2536,,,0.0,,20160223.0
1398311,302555,450,13295.0,20:5,0.0,20160518.0,20160522.0
1412564,1157241,8037,1789.0,30:5,4.0,20160125.0,
1048455,6114891,1651,,,0.0,,20160502.0
133457,2249276,8390,,,7.0,,20160521.0
838984,6484549,760,3237.0,20:5,1.0,20160204.0,
745168,1718581,3722,,,10.0,,20160513.0
1671647,4509851,5341,7751.0,50:10,0.0,20160201.0,
1463495,6570153,6485,9407.0,100:10,5.0,20160129.0,
1611678,2775227,6485,,,0.0,,20160313.0
186963,1354571,6434,10050.0,50:5,10.0,20160125.0,
427343,5770526,963,,,2.0,,20160606.0
787497,358614,7019,3887.0,100:10,10.0,20160129.0,
423926,2891907,7903,,,0.0,,20160330.0
656356,3920346,760,2418.0,30:5,2.0,20160613.0,
676450,1565182,519,,,0.0,,20160512.0
120321,3196964,2804,10326.0,30:5,10.0,20160125.0,
674594,3035640,3381,7610.0,200:20,0.0,20160414.0,
1089940,7001319,3532,6521.0,50:5,0.0,20160107.0,
590181,525787,1569,5054.0,200:30,2.0,20160413.0,
338414,5480114,2099,,,0.0,,20160221.0
888360,6293857,7011,5092.0,10:5,0.0,20160602.0,
450264,4135647,7974,,,1.0,,20160126.0
357002,5806898,1469,,,10.0,,20160223.0
240191,3881198,1433,,,1.0,,20160528.0
1627921,3373301,2691,11244.0,150:10,0.0,20160228.0,
442802,2388675,1433,8735.0,30:5,0.0,20160213.0,
357735,6125366,5858,3501.0,20:5,1.0,20160523.0,
217117,303769,1433,8735.0,30:5,10.0,20160209.0,
1751421,6879924,5336,,,0.0,,20160305.0
893347,7311793,1923,,,0.0,,20160504.0
1102937,5072319,4583,,,0.0,,20160109.0
1508992,2108243,450,,,2.0,,20160305.0
1731449,1693853,4663,818.0,150:20,9.0,20160124.0,
435377,6810962,125,,,0.0,,20160314.0
955514,3730891,3381,7610.0,200:20,0.0,20160424.0,
1015913,3641503,7221,2154.0,30:5,0.0,20160523.0,20160524.0
1539644,3620285,450,8555.0,30:5,0.0,20160127.0,
63015,3443144,3381,1807.0,300:30,1.0,20160131.0,
885520,4533553,3381,7610.0,200:20,10.0,20160406.0,
1227933,2909122,7019,3887.0,100:10,1.0,20160131.0,
859983,4227985,1433,3885.0,30:5,0.0,20160512.0,
936163,3626377,5341,111.0,30:5,0.0,20160129.0,
619682,1981135,3381,12821.0,200:20,9.0,20160124.0,
1013831,5829934,3808,12182.0,20:1,3.0,20160520.0,
1130331,2925346,2929,,,0.0,,20160318.0
1515004,3812201,3621,4033.0,20:5,0.0,20160615.0,
660852,223838,7113,,,0.0,,20160505.0
823788,692923,6485,,,0.0,,20160128.0
1736643,1543841,450,1613.0,30:5,4.0,20160607.0,
1098206,5420403,2436,,,2.0,,20160410.0
1618038,3110099,3232,,,0.0,,20160423.0
1632212,4826639,171,,,10.0,,20160223.0
1523465,4626186,7555,9871.0,30:5,10.0,20160401.0,
524327,65220,611,,,0.0,,20160525.0
647978,1116646,1569,5054.0,200:30,10.0,20160415.0,
245662,3802358,5341,111.0,30:5,0.0,20160203.0,
1300767,6898804,3381,7610.0,200:20,2.0,20160331.0,
1603950,3429023,450,,,0.0,,20160206.0
1488766,3453197,7706,416.0,100:10,1.0,20160129.0,
1483169,5862885,3613,,,0.0,,20160629.0
904938,3433753,2970,5619.0,100:10,0.0,20160317.0,
11557,1297850,3102,13811.0,0.95,,20160307.0,
492946,4290571,2709,2840.0,100:10,3.0,20160123.0,20160212.0
1480603,6863289,1169,10929.0,200:30,10.0,20160129.0,
1243287,3387358,6403,4839.0,20:1,0.0,20160512.0,
1182160,465263,2277,12287.0,30:10,10.0,20160526.0,
606113,7154444,5341,11539.0,30:5,0.0,20160205.0,
1145665,6747772,760,3811.0,30:5,0.0,20160322.0,
753920,4661492,6901,13830.0,0.95,0.0,20160413.0,
1526973,3957137,5472,,,0.0,,20160303.0
1101403,5207463,7221,,,0.0,,20160325.0
1711429,464419,6485,10323.0,20:5,0.0,20160327.0,
738660,3250272,5341,111.0,30:5,10.0,20160207.0,
1729454,1385627,2146,11173.0,100:10,3.0,20160131.0,
1216829,1133784,2075,,,2.0,,20160118.0
211620,3471038,5341,111.0,30:5,0.0,20160207.0,
1708583,2346260,4660,1480.0,100:10,8.0,20160126.0,
576476,859861,3262,,,0.0,,20160406.0
1601228,4561194,3381,11951.0,200:20,2.0,20160128.0,
732049,1121578,1080,4275.0,200:30,1.0,20160501.0,
224575,2757842,3532,,,0.0,,20160304.0
934080,3682177,6278,,,0.0,,20160413.0
1519256,3707765,3381,7610.0,200:20,10.0,20160425.0,
677200,1077502,1336,,,10.0,,20160327.0
393732,2812953,7974,,,0.0,,20160101.0
31845,6763308,3532,883.0,50:5,10.0,20160214.0,
1553897,5540826,450,,,0.0,,20160617.0
526351,335520,6485,,,1.0,,20160326.0
986262,2265145,3621,2705.0,20:5,1.0,20160509.0,
1249830,811514,450,,,10.0,,20160101.0
1425890,4939353,7555,11183.0,30:5,0.0,20160525.0,
1298704,2304568,6485,,,0.0,,20160524.0
147854,783381,7307,10286.0,10:1,0.0,20160520.0,
975150,6705190,4287,,,1.0,,20160324.0
786648,7200092,8844,,,10.0,,20160508.0
1019583,4185259,8610,,,10.0,,20160605.0
662956,862585,760,3237.0,20:5,4.0,20160123.0,
949269,3316663,7898,16.0,50:5,10.0,20160419.0,
1191709,3613576,7706,,,3.0,,20160520.0
1542327,6151050,2146,11173.0,100:10,10.0,20160131.0,
1085623,6681759,8142,8093.0,100:10,10.0,20160521.0,
239394,3388652,3892,,,2.0,,20160221.0
374658,6727598,3710,,,0.0,,20160213.0
248742,906687,1041,13490.0,30:5,4.0,20160126.0,
387557,2742789,5341,7751.0,50:10,2.0,20160207.0,
1124509,6796852,6551,12473.0,100:10,,20160512.0,
999043,2496613,3381,11951.0,200:20,1.0,20160129.0,
708957,2858544,8181,11860.0,30:10,0.0,20160407.0,
211086,4673916,6901,,,0.0,,20160418.0
306514,6886793,3403,,,2.0,,20160322.0
1372595,5416288,2436,,,1.0,,20160511.0
473498,6190807,6481,,,10.0,,20160513.0
1525512,3097997,3064,7799.0,20:5,0.0,20160602.0,
1320723,2991706,6434,10050.0,50:5,3.0,20160125.0,
973752,3563533,3403,,,1.0,,20160613.0
1570192,2488871,8292,,,0.0,,20160621.0
634009,5874536,5717,8192.0,20:5,0.0,20160518.0,
1347249,1134915,5341,7751.0,50:10,0.0,20160129.0,
85823,5065692,2709,2840.0,100:10,2.0,20160126.0,
104820,1995269,2872,11317.0,100:10,6.0,20160515.0,
434846,3977895,4808,,,0.0,,20160425.0
491524,5266423,5341,,,0.0,,20160411.0
609755,6414104,7314,,,0.0,,20160509.0
1693594,6885875,6296,,,0.0,,20160103.0
1683995,5230943,4660,1480.0,100:10,1.0,20160126.0,
1581440,2420303,4909,3165.0,100:10,2.0,20160125.0,
190148,5564724,6901,2366.0,30:5,0.0,20160522.0,
590033,1013467,7562,,,0.0,,20160214.0
895579,5676505,1569,5054.0,200:30,,20160422.0,
1508279,5970594,7428,,,0.0,,20160130.0
602171,65612,7555,17.0,30:5,8.0,20160125.0,
658719,3670494,1379,1579.0,30:5,,20160327.0,
300969,4850993,6582,,,0.0,,20160524.0
641652,2689986,8181,6411.0,50:5,0.0,20160429.0,
156409,1683761,6454,14031.0,100:10,9.0,20160131.0,
249171,4212216,6454,,,0.0,,20160417.0
508597,5074183,4771,,,0.0,,20160322.0
1304291,4966528,5310,,,1.0,,20160412.0
161361,6590676,5413,13414.0,100:20,4.0,20160426.0,
674463,509439,8181,,,1.0,,20160126.0
1076113,5444619,2146,,,0.0,,20160112.0
1659967,4534235,5341,111.0,30:5,0.0,20160127.0,20160217.0
532620,713923,8037,1789.0,30:5,6.0,20160125.0,
1689535,4763063,5074,137.0,100:50,4.0,20160517.0,
903492,6994474,5717,,,0.0,,20160129.0
208450,1599836,1526,9126.0,30:5,2.0,20160527.0,
1660559,4654055,7555,9871.0,30:5,10.0,20160407.0,
395904,6361154,1715,,,4.0,,20160314.0
1164121,1794477,3381,11951.0,200:20,0.0,20160129.0,
827150,2185458,7555,17.0,30:5,0.0,20160125.0,
1386574,2927812,7374,10298.0,50:20,2.0,20160609.0,
395692,2987553,6021,3799.0,20:5,0.0,20160429.0,
1370634,3417772,1892,452.0,100:10,0.0,20160129.0,
1327954,4119142,2709,12207.0,200:20,3.0,20160129.0,
761129,992929,3673,,,0.0,,20160329.0
994495,2900053,4663,13304.0,150:20,0.0,20160531.0,
1139957,4657768,3381,1807.0,300:30,0.0,20160203.0,
1337587,677918,3381,11951.0,200:20,10.0,20160129.0,
1114402,1451652,7555,17.0,30:5,,20160125.0,
80533,2974694,6901,2366.0,30:5,10.0,20160531.0,
197122,1962323,450,1532.0,30:5,6.0,20160522.0,
565292,5316224,4742,13384.0,30:1,0.0,20160426.0,
494884,4982827,5341,111.0,30:5,0.0,20160207.0,
1328926,3682408,450,3732.0,30:5,10.0,20160423.0,
1605936,5375310,5341,,,0.0,,20160211.0
831655,1721980,3449,10462.0,50:5,0.0,20160603.0,
1273335,6357016,3381,1807.0,300:30,5.0,20160126.0,
1262320,3596284,7555,9871.0,30:5,0.0,20160406.0,
1413006,1581177,7113,6311.0,50:10,1.0,20160406.0,
527881,4717064,3381,9776.0,10:5,10.0,20160129.0,
1519912,7215858,8724,5729.0,50:5,0.0,20160112.0,
310494,5884361,6885,13511.0,30:5,10.0,20160324.0,
463949,6737479,450,8555.0,30:5,10.0,20160201.0,
1203191,4805428,7555,9871.0,30:5,,20160404.0,
1140719,1927578,2506,7056.0,30:1,4.0,20160518.0,
1516996,5239518,7555,9871.0,30:5,,20160419.0,
1577405,3539009,3241,2448.0,30:5,7.0,20160327.0,
630845,254171,4282,,,0.0,,20160629.0
440893,4204922,450,3332.0,20:5,0.0,20160322.0,
487709,4843447,1379,4934.0,50:5,,20160226.0,
933504,6857470,6683,12741.0,20:5,0.0,20160323.0,
1479254,4337061,2099,,,0.0,,20160319.0
1412215,3457264,2099,,,0.0,,20160301.0
1655959,6345623,2709,13165.0,100:10,0.0,20160518.0,
230498,5853624,3939,1110.0,100:5,0.0,20160531.0,
1501984,6759030,1080,9296.0,10:5,0.0,20160525.0,
103991,3480074,3513,4333.0,10:1,0.0,20160428.0,
766682,2343054,760,2418.0,30:5,0.0,20160604.0,20160604.0
1088420,6187215,3381,,,0.0,,20160624.0
1194020,1935558,4833,7802.0,200:20,9.0,20160131.0,
185428,1733705,6434,10050.0,50:5,10.0,20160125.0,
810482,1975915,7113,,,0.0,,20160331.0
1595112,6116610,7243,,,0.0,,20160201.0
388409,5691410,4433,190.0,200:20,,20160131.0,
1623241,4996554,4043,3222.0,30:5,1.0,20160507.0,
1634775,7044671,629,2427.0,30:10,0.0,20160518.0,
1131873,5912140,8693,12779.0,10:1,,20160516.0,
1101284,5316003,6905,4507.0,30:5,1.0,20160523.0,
965055,2586607,7422,4727.0,0.8,2.0,20160301.0,
788748,3098802,4751,,,0.0,,20160606.0
232329,138382,7555,7232.0,30:5,2.0,20160326.0,
627870,2448300,1569,5054.0,200:30,,20160429.0,
492119,6895615,5697,,,1.0,,20160616.0
850600,5147389,2436,3992.0,30:5,9.0,20160429.0,
1271172,268289,6736,,,0.0,,20160626.0
112062,1885196,2934,,,0.0,,20160302.0
1075567,6534147,1169,10929.0,200:30,10.0,20160128.0,
1041323,6082030,1569,12961.0,100:30,10.0,20160203.0,
1202948,3553690,1585,,,5.0,,20160121.0
1017259,2737315,5836,,,0.0,,20160615.0
982784,3785773,1057,8395.0,30:1,0.0,20160602.0,
1012663,3667603,1569,12961.0,100:30,2.0,20160124.0,
903752,2361109,6454,14031.0,100:10,,20160131.0,
585518,786265,2709,13165.0,100:10,10.0,20160521.0,
1082751,4829295,2632,1078.0,20:1,0.0,20160303.0,
907448,2865955,1080,,,1.0,,20160412.0
1345010,1100097,5341,7751.0,50:10,0.0,20160130.0,20160207.0
1556732,6392814,450,8555.0,30:5,4.0,20160129.0,
333693,5466770,7605,,,0.0,,20160110.0
925855,3286885,3381,9481.0,300:30,0.0,20160127.0,
1091394,4368639,171,,,1.0,,20160128.0
207984,3162296,1569,5054.0,200:30,10.0,20160405.0,
1667549,6840407,3939,1110.0,100:5,3.0,20160531.0,
519575,5445055,4660,1480.0,100:10,3.0,20160125.0,
1708221,970437,3621,4823.0,20:5,0.0,20160606.0,
814281,572215,3381,7610.0,200:20,1.0,20160407.0,
343444,3297129,3939,1110.0,100:5,2.0,20160531.0,
1550549,6169542,5803,,,0.0,,20160615.0
370089,3397575,2934,,,0.0,,20160602.0
969775,2888191,7019,3887.0,100:10,0.0,20160128.0,
499413,4643959,3381,7610.0,200:20,0.0,20160403.0,
995332,4295854,5591,4306.0,50:10,0.0,20160119.0,
694787,1761292,6134,,,1.0,,20160611.0
1229134,2665924,1520,13450.0,0.95,,20160219.0,
1109020,238512,4327,,,0.0,,20160420.0
725096,1204516,3381,7610.0,200:20,10.0,20160428.0,
1389299,2823370,3532,,,0.0,,20160407.0
662910,7149512,7961,,,0.0,,20160519.0
701679,935689,6951,6739.0,200:20,0.0,20160604.0,
812765,3036378,8721,5577.0,20:1,,20160516.0,
1044571,6370827,8037,,,0.0,,20160110.0
1047716,4526655,1169,10929.0,200:30,0.0,20160129.0,20160204.0
527894,3016452,2813,11912.0,30:5,0.0,20160331.0,
433819,6696266,3381,1807.0,300:30,8.0,20160131.0,
789543,1399897,1433,9476.0,20:5,4.0,20160125.0,
230273,593079,2804,,,10.0,,20160521.0
867364,6150157,3888,11366.0,50:10,10.0,20160126.0,
1259147,7264240,1469,7430.0,50:20,2.0,20160521.0,
684975,356481,5341,111.0,30:5,0.0,20160207.0,
1289046,3547174,5341,111.0,30:5,0.0,20160129.0,
1238161,2766292,7019,10795.0,100:10,1.0,20160129.0,
1124323,4010266,7019,,,0.0,,20160303.0
1705149,2416910,7717,9614.0,20:1,1.0,20160501.0,
733494,4132440,760,,,0.0,,20160619.0
54975,1043055,3101,12923.0,30:1,2.0,20160518.0,
1689660,4350395,2970,5619.0,100:10,,20160311.0,
1142450,688334,3381,7610.0,200:20,0.0,20160327.0,
1024117,2596027,3032,,,1.0,,20160512.0
203000,984876,5445,,,0.0,,20160522.0
1217052,249243,6424,1315.0,100:10,0.0,20160130.0,
40084,3936674,4433,190.0,200:20,,20160201.0,
507849,5752063,2099,,,0.0,,20160514.0
286161,7051325,2709,13165.0,100:10,0.0,20160507.0,
571634,4080972,7555,17.0,30:5,10.0,20160125.0,
168526,5938416,5843,,,10.0,,20160605.0
588245,1461940,3710,13056.0,150:10,2.0,20160130.0,
1055997,7087815,4142,,,0.0,,20160509.0
279365,7301069,3283,,,0.0,,20160602.0
1497020,5069394,2660,,,0.0,,20160131.0
1420255,6995457,5341,,,0.0,,20160519.0
818797,5458376,6434,10050.0,50:5,0.0,20160124.0,
1231493,4791184,6128,12554.0,10:5,,20160405.0,20160406.0
1167692,330860,2934,,,1.0,,20160321.0
1684433,6913379,2436,,,3.0,,20160520.0
9126,152887,6186,6156.0,20:5,0.0,20160523.0,
1534033,2391977,2691,58.0,100:10,10.0,20160124.0,
1171705,1040090,450,8555.0,30:5,7.0,20160203.0,
1530775,2700191,6485,9407.0,100:10,10.0,20160128.0,
1480166,6929841,4660,1480.0,100:10,1.0,20160124.0,
965687,4415458,6424,1315.0,100:10,3.0,20160130.0,
1618218,4772262,2786,13163.0,30:10,1.0,20160327.0,20160404.0
261438,7243433,450,8555.0,30:5,3.0,20160129.0,
1350381,4909336,2869,11532.0,20:1,10.0,20160203.0,
1431450,5915313,7019,3887.0,100:10,1.0,20160131.0,
1047342,6539835,8211,8518.0,100:10,6.0,20160205.0,
1064970,6240087,3621,4823.0,20:5,2.0,20160608.0,
1702490,7338516,2036,1677.0,100:30,6.0,20160416.0,
881341,5693677,5483,,,1.0,,20160320.0
629577,1526743,8711,968.0,20:1,,20160527.0,
1187875,1131456,5341,7751.0,50:10,0.0,20160203.0,
1662848,4531211,171,187.0,20:5,0.0,20160304.0,
160791,466573,5777,,,0.0,,20160529.0
1466276,6723801,7555,17.0,30:5,2.0,20160124.0,
104481,3553802,2709,13165.0,100:10,0.0,20160509.0,
285116,5657645,760,2418.0,30:5,2.0,20160604.0,
985245,3857461,3532,883.0,50:5,1.0,20160208.0,
88428,1317113,5717,,,8.0,,20160309.0
1631411,6878723,3381,9776.0,10:5,0.0,20160129.0,20160214.0
1018661,3618985,6424,1315.0,100:10,10.0,20160129.0,
386787,3837441,760,2418.0,30:5,1.0,20160608.0,
172962,28253,2099,,,0.0,,20160126.0
1264155,6095,699,,,10.0,,20160602.0
716959,1030543,1941,,,0.0,,20160223.0
214008,4124864,760,,,0.0,,20160228.0
1331487,634523,6106,1505.0,10:1,0.0,20160615.0,
1441995,5246805,6485,10323.0,20:5,0.0,20160325.0,
1664423,4745255,2420,,,5.0,,20160213.0
1443739,6577005,2276,,,0.0,,20160519.0
1179338,6594280,7019,3887.0,100:10,,20160130.0,
631795,4580192,2002,,,2.0,,20160415.0
1539370,3428795,4660,1480.0,100:10,7.0,20160126.0,
238275,1215605,6485,,,0.0,,20160522.0
1087700,5285055,2099,12034.0,100:10,1.0,20160207.0,
660320,3023328,7717,13423.0,20:1,,20160609.0,20160620.0
1405316,1491315,5341,111.0,30:5,10.0,20160207.0,
871815,5517397,8775,,,1.0,,20160326.0
1058141,5807847,7019,3887.0,100:10,10.0,20160129.0,
1414488,865469,2703,,,0.0,,20160620.0
74541,1634030,2934,,,1.0,,20160131.0
379149,6139850,6135,6330.0,10:1,0.0,20160414.0,
1609254,6963558,5896,13787.0,0.95,0.0,20160516.0,
1473057,5139777,7113,,,9.0,,20160220.0
326228,4464218,3381,1807.0,300:30,1.0,20160201.0,
367226,2745789,760,3237.0,20:5,0.0,20160128.0,
268117,5524241,8131,10893.0,100:30,0.0,20160521.0,
1224553,1392351,7487,9702.0,30:5,1.0,20160201.0,
122018,327109,6189,,,0.0,,20160626.0
1246029,6136768,4203,,,5.0,,20160420.0
1042786,3482365,450,3732.0,30:5,5.0,20160408.0,
611490,1013860,6901,2366.0,30:5,0.0,20160526.0,
1083952,6111363,7884,6704.0,20:1,,20160531.0,
803190,1743205,7974,,,0.0,,20160422.0
822230,2086261,1080,4000.0,20:1,7.0,20160517.0,
230251,558903,3532,,,0.0,,20160115.0
581523,2025391,1569,5054.0,200:30,0.0,20160426.0,
1072155,5989323,5341,111.0,30:5,0.0,20160207.0,
876471,6992029,450,1613.0,30:5,0.0,20160608.0,
509648,5161243,3888,11366.0,50:10,10.0,20160126.0,
1100963,5172639,7024,,,0.0,,20160614.0
1670419,5107847,8181,6301.0,30:5,0.0,20160521.0,
1385,6031044,5591,,,3.0,,20160130.0
166181,1476410,7221,933.0,30:5,1.0,20160325.0,
1046663,4512303,5341,111.0,30:5,0.0,20160131.0,20160201.0
1356064,5034280,6542,,,0.0,,20160330.0
394085,6339638,6901,2366.0,30:5,1.0,20160530.0,
713205,2696760,1614,,,5.0,,20160506.0
458402,7159286,7524,164.0,50:5,,20160415.0,
1536088,4835166,7422,4727.0,0.8,1.0,20160310.0,
137470,1703201,3251,12997.0,20:5,,20160502.0,
1633715,5034539,4694,,,0.0,,20160614.0
1426984,4952685,2436,3316.0,20:5,8.0,20160520.0,
1361894,3854494,4142,,,0.0,,20160511.0
1505150,3051845,7483,,,0.0,,20160601.0
1395712,1654890,450,8555.0,30:5,4.0,20160129.0,
1506840,3953483,2099,12034.0,100:10,,20160204.0,
1694320,6597119,4986,6625.0,20:1,,20160430.0,
1524507,3750281,517,,,0.0,,20160219.0
22037,4113284,171,10503.0,30:5,0.0,20160201.0,
769379,1796680,6376,10084.0,150:20,1.0,20160511.0,
1241550,4087258,6434,10050.0,50:5,,20160125.0,
872951,6361189,760,3811.0,30:5,0.0,20160324.0,
1423955,6550077,1569,12961.0,100:30,6.0,20160126.0,
805561,1056871,3381,1807.0,300:30,10.0,20160202.0,
406628,4403342,3447,,,10.0,,20160529.0
759030,269520,5341,,,0.0,,20160530.0
299372,5254421,1433,8735.0,30:5,2.0,20160213.0,
1044498,5787147,3621,4823.0,20:5,0.0,20160606.0,
119851,653961,450,3732.0,30:5,,20160410.0,
9309,2082488,2046,3200.0,100:10,0.0,20160129.0,
86217,517630,7717,,,4.0,,20160203.0
792281,3914424,3381,9481.0,300:30,0.0,20160128.0,
865842,5606389,7913,7211.0,30:5,,20160427.0,
597351,793822,5341,111.0,30:5,0.0,20160206.0,
1647351,6863627,5152,1616.0,20:1,,20160512.0,
306717,5248397,3381,7610.0,200:20,,20160424.0,
1094733,7251255,2934,5686.0,30:5,0.0,20160322.0,
183422,243721,7555,9871.0,30:5,6.0,20160404.0,
1550374,6063042,7019,3887.0,100:10,6.0,20160130.0,
233958,1890161,3408,,,4.0,,20160604.0
1628428,2709239,6193,4500.0,10:1,0.0,20160507.0,
483274,6655855,3381,12821.0,200:20,0.0,20160126.0,
1709562,1568651,6485,,,0.0,,20160327.0
450010,5816762,5341,,,0.0,,20160205.0
1339035,1286973,1379,,,0.0,,20160324.0
270727,7009085,3532,883.0,50:5,0.0,20160213.0,
451058,6816194,450,1613.0,30:5,0.0,20160602.0,20160609.0
1335169,2655346,3553,,,0.0,,20160522.0
974926,3571729,8721,1281.0,30:5,0.0,20160325.0,
551040,4961876,7925,,,0.0,,20160608.0
1647676,4388627,8168,,,3.0,,20160214.0
590569,3592044,4026,,,1.0,,20160413.0
288568,6459497,3546,,,0.0,,20160614.0
363045,5156702,4661,5899.0,30:10,0.0,20160520.0,
901303,6783514,450,3732.0,30:5,0.0,20160423.0,
789798,641197,3381,7610.0,200:20,1.0,20160326.0,
689745,1299976,6409,,,0.0,,20160311.0
648654,2295246,380,,,10.0,,20160322.0
248150,6044148,1433,8735.0,30:5,6.0,20160214.0,
295007,6491345,724,7807.0,20:5,0.0,20160327.0,
654717,6200240,1041,,,0.0,,20160119.0
790116,2735796,4860,9586.0,100:30,,20160131.0,
172160,3272318,2450,2981.0,20:1,1.0,20160430.0,20160502.0
1579215,2411591,3381,9776.0,10:5,0.0,20160129.0,
193741,1513808,7555,17.0,30:5,10.0,20160125.0,
1458230,7000149,4043,,,0.0,,20160318.0
889455,5454193,450,,,1.0,,20160423.0
1202188,603110,8673,11445.0,20:1,3.0,20160508.0,
1362465,680744,25,8581.0,30:1,0.0,20160513.0,20160516.0
618081,843751,2282,,,0.0,,20160427.0
1686372,6883715,3671,4705.0,20:1,10.0,20160524.0,
69,114747,6901,2366.0,30:5,0.0,20160523.0,20160605.0
540001,1366156,3381,1807.0,300:30,1.0,20160124.0,
1681927,5134655,5717,,,0.0,,20160119.0
258327,4243061,8122,,,0.0,,20160505.0
1326601,2744932,5341,111.0,30:5,10.0,20160207.0,
1042043,3971833,2099,12034.0,100:10,0.0,20160201.0,
748984,248519,1943,503.0,50:5,5.0,20160525.0,
1330530,3093100,6135,3725.0,10:1,0.0,20160517.0,
1204992,1235151,3381,7610.0,200:20,1.0,20160415.0,
1522060,4229886,3381,11951.0,200:20,2.0,20160129.0,
1197353,181593,450,,,0.0,,20160426.0
373264,4783010,6485,,,7.0,,20160327.0
793011,1790044,1433,8735.0,30:5,1.0,20160210.0,
629128,4166574,3621,,,0.0,,20160405.0
1700909,1749380,6485,,,0.0,,20160421.0
1696591,692928,6434,10050.0,50:5,5.0,20160124.0,
957757,2198485,1041,,,0.0,,20160107.0
1524212,2245511,6803,,,0.0,,20160526.0
116472,5147712,58,,,0.0,,20160521.0
1406583,2480872,3381,,,0.0,,20160125.0
278294,6212537,5998,,,0.0,,20160607.0
1601850,5161266,7974,,,2.0,,20160101.0
40235,3824546,1379,1579.0,30:5,1.0,20160324.0,
302439,7309637,6485,9407.0,100:10,10.0,20160202.0,
1630335,4259322,7286,7262.0,30:1,1.0,20160513.0,
1658207,4495295,3381,1807.0,300:30,3.0,20160126.0,
1096370,4657491,8711,968.0,20:1,2.0,20160521.0,
1505393,3631943,4860,9586.0,100:30,4.0,20160129.0,
1278200,887429,517,,,0.0,,20160419.0
1383035,2613952,450,1613.0,30:5,2.0,20160603.0,
252951,4272677,6485,10323.0,20:5,0.0,20160326.0,
1340296,4049020,2709,13165.0,100:10,2.0,20160531.0,
1714663,1921679,4466,3465.0,20:1,,20160523.0,20160610.0
524773,376992,6135,6330.0,10:1,0.0,20160419.0,
924347,2297185,96,5588.0,20:1,0.0,20160602.0,
1107057,104632,1620,4156.0,10:1,0.0,20160426.0,20160501.0
24995,5503764,2786,,,0.0,,20160325.0
1692826,6718955,6486,11164.0,100:10,0.0,20160128.0,
155740,157702,3381,7610.0,200:20,1.0,20160417.0,
1270065,288641,8181,4872.0,30:5,0.0,20160407.0,
418335,5040350,5111,,,0.0,,20160326.0
936995,4998934,2436,,,0.0,,20160627.0
1179368,1715898,5971,,,0.0,,20160107.0
304690,5981549,777,,,7.0,,20160601.0
1138813,6689380,6284,7379.0,50:10,10.0,20160124.0,
471901,5549755,1238,,,1.0,,20160422.0
1206674,172410,450,3732.0,30:5,10.0,20160425.0,
1666399,5271623,450,8555.0,30:5,8.0,20160131.0,
294535,5357765,1041,11197.0,30:5,,20160131.0,
1356363,2062410,3381,11951.0,200:20,0.0,20160128.0,
798667,466200,6646,10275.0,5:1,0.0,20160511.0,20160516.0
463874,4836931,3941,,,0.0,,20160326.0
1335217,1528377,1569,5054.0,200:30,6.0,20160402.0,
151302,2691674,380,10651.0,20:5,0.0,20160323.0,
1477323,6097281,2146,11173.0,100:10,2.0,20160131.0,
1651176,6229835,5591,,,3.0,,20160611.0
1086445,6176943,460,,,10.0,,20160417.0
696309,3441690,2099,12034.0,100:10,9.0,20160207.0,
601569,2600832,5336,,,0.0,,20160225.0
854476,6059833,450,8555.0,30:5,0.0,20160129.0,
32011,1569995,760,,,0.0,,20160316.0
607711,1933252,5341,111.0,30:5,10.0,20160207.0,
182432,2024519,2099,12034.0,100:10,0.0,20160207.0,
872006,5900377,3381,7610.0,200:20,0.0,20160417.0,
812803,3959514,8037,11168.0,30:5,0.0,20160111.0,
1368195,795434,450,8555.0,30:5,6.0,20160125.0,
1192284,1309380,760,2418.0,30:5,0.0,20160606.0,
68135,5351328,1244,5136.0,30:10,1.0,20160526.0,
908740,6850126,7544,,,0.0,,20160311.0
797486,4426112,6434,10050.0,50:5,4.0,20160123.0,
347664,4663022,7706,416.0,100:10,3.0,20160129.0,
1479725,6451629,6284,7379.0,50:10,10.0,20160125.0,
813215,3733722,5341,,,0.0,,20160501.0
1643384,7059143,4660,1480.0,100:10,7.0,20160125.0,
1036241,2331877,2934,,,0.0,,20160212.0
1274490,1146888,1569,5054.0,200:30,5.0,20160406.0,
51196,2020571,7019,,,0.0,,20160308.0
623903,7126856,6336,,,1.0,,20160417.0
1301630,2890300,1080,4275.0,200:30,0.0,20160504.0,
736706,3836508,3532,,,0.0,,20160627.0
1009500,3682441,6485,10323.0,20:5,0.0,20160325.0,
112043,1008006,4043,3222.0,30:5,0.0,20160513.0,
1045454,5334555,171,,,2.0,,20160622.0
1337878,2345080,6424,1315.0,100:10,10.0,20160131.0,
1332356,5636320,5717,12349.0,20:5,3.0,20160125.0,
1391282,1031603,2709,,,2.0,,20160514.0
1324062,815384,6734,4182.0,0.85,4.0,20160112.0,
377000,2992095,4660,1480.0,100:10,10.0,20160124.0,
864188,6092761,3621,,,0.0,,20160331.0
270692,4646717,3939,,,4.0,,20160421.0
988781,4044355,7019,3887.0,100:10,1.0,20160129.0,
1457173,6403137,3381,7610.0,200:20,0.0,20160415.0,
582843,163286,8390,7531.0,20:5,0.0,20160321.0,20160327.0
848301,6260437,7011,5092.0,10:5,1.0,20160604.0,
1354493,1684809,5717,,,2.0,,20160207.0
1679680,6382871,8230,,,0.0,,20160310.0
932425,6143734,1520,3642.0,50:5,,20160116.0,
37994,1099472,4785,,,0.0,,20160516.0
1753987,871128,2934,,,0.0,,20160617.0
1650767,5052227,6183,,,0.0,,20160629.0
1029230,6505882,2709,2840.0,100:10,4.0,20160126.0,
731382,4613288,5717,12349.0,20:5,0.0,20160125.0,
270869,5046077,3381,,,3.0,,20160518.0
1440479,6323001,5341,111.0,30:5,0.0,20160210.0,
483466,6114163,8575,9628.0,50:5,0.0,20160513.0,
1693275,4208111,760,,,1.0,,20160605.0
1700942,1006146,2970,,,1.0,,20160318.0
903051,2635027,3532,883.0,50:5,0.0,20160212.0,
1010991,5139742,3532,1563.0,30:5,0.0,20160524.0,20160530.0
41428,1265618,6454,14031.0,100:10,10.0,20160207.0,
1612535,3228863,7019,3887.0,100:10,2.0,20160131.0,
333995,3583305,974,,,1.0,,20160508.0
599556,5878520,2709,2840.0,100:10,10.0,20160203.0,
1061832,5291811,760,3811.0,30:5,0.0,20160325.0,
640317,2747328,2308,3104.0,20:1,,20160416.0,
56342,1519583,4582,3686.0,0.95,0.0,20160602.0,
1483540,5012973,2804,10326.0,30:5,10.0,20160125.0,
1113983,309281,6485,,,0.0,,20160321.0
1612872,5525886,3381,7610.0,200:20,0.0,20160416.0,
1631278,5176835,521,2005.0,20:1,0.0,20160324.0,
1224904,1084128,1569,5054.0,200:30,2.0,20160427.0,
856512,6686557,109,3970.0,20:10,,20160423.0,
1296911,2823220,4660,1480.0,100:10,10.0,20160123.0,
1629632,2367227,6388,2235.0,20:1,0.0,20160528.0,20160602.0
339102,3167067,2536,,,1.0,,20160516.0
1341522,2759806,171,8172.0,30:5,0.0,20160325.0,
1339101,3760762,7011,,,2.0,,20160323.0
704285,2708520,203,,,0.0,,20160501.0
1705032,2659598,4833,7802.0,200:20,10.0,20160130.0,
995045,5785774,5341,111.0,30:5,0.0,20160207.0,
1034937,6425026,5341,,,0.0,,20160309.0
572984,288426,2436,3992.0,30:5,1.0,20160422.0,
699217,2457120,6454,14031.0,100:10,1.0,20160207.0,
794054,5820788,1041,,,0.0,,20160428.0
989750,2128453,4433,190.0,200:20,,20160131.0,
1222990,749039,8077,6680.0,100:10,,20160128.0,
579578,4495028,6485,,,0.0,,20160103.0
1435102,6005481,1080,,,0.0,,20160514.0
532123,2400522,1073,,,0.0,,20160519.0
1747176,1680554,5341,,,0.0,,20160615.0
105878,3851276,6434,10050.0,50:5,8.0,20160125.0,
819544,933433,2970,,,7.0,,20160312.0
1407479,433373,1520,13510.0,50:5,,20160117.0,
244016,2836724,1656,,,0.0,,20160514.0
1011505,6660382,3532,,,0.0,,20160227.0
1691736,5605847,218,,,0.0,,20160407.0
381895,4835294,450,1613.0,30:5,1.0,20160603.0,
56670,1033584,2099,12034.0,100:10,0.0,20160207.0,
53623,2014685,760,,,1.0,,20160604.0
1305357,124498,1569,11474.0,50:5,0.0,20160518.0,
300126,6759713,6901,2366.0,30:5,10.0,20160520.0,
65747,1876967,6454,14031.0,100:10,,20160201.0,
428873,4913450,3381,9776.0,10:5,0.0,20160129.0,20160204.0
192522,4007072,5341,,,0.0,,20160311.0
996254,3036763,129,,,0.0,,20160506.0
168188,2933366,4833,7802.0,200:20,2.0,20160130.0,
1469712,6146313,7011,13929.0,10:5,0.0,20160508.0,
1039191,3725551,517,,,0.0,,20160601.0
1351930,2597518,6486,2494.0,100:10,10.0,20160129.0,
1228207,935537,3876,,,0.0,,20160502.0
863187,4683721,4142,4773.0,100:10,0.0,20160128.0,
1025066,2705599,2436,12462.0,20:5,0.0,20160603.0,
184923,4401444,3381,7610.0,200:20,1.0,20160427.0,
29918,2476946,2515,,,0.0,,20160423.0
266998,6274817,6284,7379.0,50:10,10.0,20160125.0,
1078659,6162483,4403,6786.0,100:20,5.0,20160604.0,
1155832,1319334,451,,,0.0,,20160525.0
714121,2761272,2167,,,0.0,,20160327.0
1237564,1151466,6694,,,0.0,,20160302.0
1354948,2929810,1941,4927.0,30:5,,20160322.0,
313488,7066109,7245,,,0.0,,20160308.0
999867,3627625,3381,,,0.0,,20160610.0
864343,4607965,7011,,,1.0,,20160619.0
1225770,118366,2970,5619.0,100:10,10.0,20160312.0,
118088,95649,450,8555.0,30:5,3.0,20160127.0,
1546672,6096810,760,2418.0,30:5,0.0,20160613.0,
215169,907953,5341,,,0.0,,20160123.0
394092,2385435,3342,,,0.0,,20160213.0
233792,6741444,4720,,,0.0,,20160621.0
80661,7041996,450,8555.0,30:5,8.0,20160127.0,
475109,6623983,7884,,,1.0,,20160308.0
1658795,5951435,7301,12164.0,10:1,4.0,20160524.0,
1064048,5780295,7909,13333.0,100:10,0.0,20160204.0,
1251576,2666986,629,2427.0,30:10,1.0,20160515.0,
1660608,4408295,2078,4234.0,20:1,5.0,20160524.0,
392257,7129130,7706,416.0,100:10,1.0,20160129.0,
397795,4326482,797,,,0.0,,20160127.0
952890,3559363,5363,,,1.0,,20160515.0
761274,3591300,7555,9871.0,30:5,0.0,20160406.0,
1602558,2195099,7706,416.0,100:10,0.0,20160129.0,
187346,1247819,2099,,,4.0,,20160410.0
1394639,1913193,2835,6192.0,20:5,0.0,20160326.0,
536543,4421156,5341,,,0.0,,20160527.0
809536,1330282,4433,190.0,200:20,,20160131.0,
338011,4759214,760,,,0.0,,20160107.0
32383,3314582,1569,5054.0,200:30,4.0,20160428.0,
1696467,164848,760,2418.0,30:5,5.0,20160602.0,
648810,7004060,7113,,,0.0,,20160304.0
969467,3084799,2709,2840.0,100:10,10.0,20160123.0,
481786,7187287,1520,13450.0,0.95,,20160211.0,
1313358,2372686,372,1030.0,10:1,0.0,20160429.0,
1159302,4430500,6089,,,0.0,,20160428.0
82108,2762216,2934,5686.0,30:5,0.0,20160327.0,
1625859,3591917,4195,7571.0,30:5,0.0,20160521.0,20160529.0
489547,4374487,7011,,,1.0,,20160327.0
1477198,6195585,3958,,,0.0,,20160505.0
953265,7064458,3381,1807.0,300:30,3.0,20160203.0,
100394,2569220,7706,416.0,100:10,2.0,20160128.0,
27684,2147726,7019,3887.0,100:10,3.0,20160129.0,
405303,3579969,865,,,0.0,,20160213.0
1171120,2780518,4043,3222.0,30:5,5.0,20160502.0,
539834,842950,7113,1808.0,100:10,2.0,20160526.0,
1075503,6475779,6597,,,0.0,,20160404.0
403379,5235830,1433,,,2.0,,20160604.0
193653,558120,2709,2840.0,100:10,10.0,20160127.0,
318537,2703123,3381,7610.0,200:20,2.0,20160417.0,
566796,2447172,3283,,,0.0,,20160327.0
1477160,6195585,3958,,,0.0,,20160306.0
1468625,6156537,171,,,0.0,,20160527.0
1220318,1680348,5884,5594.0,30:5,0.0,20160525.0,
910960,2509615,3381,1807.0,300:30,0.0,20160204.0,
200864,927147,5717,336.0,30:5,4.0,20160520.0,
858397,4207477,450,,,0.0,,20160621.0
1221761,3224506,6434,10050.0,50:5,2.0,20160123.0,
1733084,1272734,3403,,,0.0,,20160613.0
830623,406815,450,8555.0,30:5,1.0,20160127.0,
68415,3886034,5032,10569.0,30:5,,20160429.0,
795025,627247,3710,,,0.0,,20160311.0
1753604,1915055,1080,,,2.0,,20160317.0
190163,3438746,7560,,,0.0,,20160102.0
457005,2572023,1433,8735.0,30:5,10.0,20160213.0,
76452,3486176,4142,,,1.0,,20160129.0
1083124,4228215,6454,14031.0,100:10,4.0,20160201.0,
1527663,2661779,3284,,,4.0,,20160326.0
525305,230672,3283,8542.0,0.95,0.0,20160110.0,
1675863,5230811,3381,7610.0,200:20,0.0,20160426.0,
798621,159116,4582,,,1.0,,20160405.0
742169,5654732,1433,8735.0,30:5,0.0,20160210.0,
288469,6601829,6829,,,2.0,,20160601.0
862854,6888385,7717,,,0.0,,20160101.0
1095929,4496715,5341,,,0.0,,20160606.0
1133504,345893,760,2418.0,30:5,0.0,20160602.0,
1346170,1379394,1433,8735.0,30:5,1.0,20160211.0,
856778,5110621,3381,11951.0,200:20,10.0,20160129.0,
759883,1651009,3381,7610.0,200:20,6.0,20160410.0,
759735,5256452,6284,4567.0,50:10,1.0,20160221.0,
1379742,4617592,772,,,0.0,,20160613.0
211888,354328,6454,14031.0,100:10,10.0,20160207.0,
545724,533320,3621,4823.0,20:5,2.0,20160611.0,
350331,4575998,665,,,0.0,,20160402.0
310393,6317513,8077,6680.0,100:10,,20160128.0,
1426589,7126629,7483,4794.0,10:5,0.0,20160322.0,20160324.0
1038714,2691823,7245,7586.0,30:1,0.0,20160602.0,
780318,3094692,2099,12034.0,100:10,6.0,20160207.0,
1200882,5633836,7019,3887.0,100:10,7.0,20160128.0,
375975,4183515,4636,,,10.0,,20160501.0
1100782,6294939,5840,7951.0,100:30,7.0,20160524.0,
1261634,553727,8510,1735.0,20:1,0.0,20160522.0,
517300,4340119,1041,,,0.0,,20160401.0
1632398,4555283,6963,,,0.0,,20160414.0
213718,6648192,3786,,,10.0,,20160102.0
1707076,2569490,1080,,,0.0,,20160629.0
969656,3780607,3075,11805.0,100:30,1.0,20160413.0,
273704,6081389,4195,,,0.0,,20160621.0
862310,6147001,6434,4128.0,30:5,0.0,20160520.0,
1017003,3863713,6485,,,0.0,,20160117.0
621068,1573840,4663,13304.0,150:20,0.0,20160518.0,
1585202,5016762,7019,3887.0,100:10,10.0,20160131.0,
561592,681679,4142,,,0.0,,20160404.0
697108,557191,6485,,,0.0,,20160106.0
862482,6788029,5341,,,0.0,,20160115.0
670389,1675513,4142,,,2.0,,20160130.0
550303,1065364,760,2418.0,30:5,0.0,20160611.0,
1034029,3551965,4142,935.0,100:10,10.0,20160204.0,
296938,7238897,6362,12256.0,100:20,2.0,20160506.0,
1737846,908241,450,3332.0,20:5,4.0,20160323.0,
1561003,4324362,1379,1579.0,30:5,0.0,20160325.0,
1198473,1907913,4433,190.0,200:20,,20160130.0,
60729,1929698,760,3237.0,20:5,4.0,20160129.0,
1305703,1212192,8535,,,0.0,,20160112.0
1065742,6802275,5559,,,0.0,,20160512.0
1603989,3298463,1469,2601.0,100:20,4.0,20160520.0,
1440979,4332357,6135,3725.0,10:1,1.0,20160517.0,
774729,6850868,760,,,0.0,,20160102.0
1716808,415972,3621,4823.0,20:5,0.0,20160613.0,
538262,1456522,3621,2705.0,20:5,0.0,20160531.0,
16932,4413180,4569,,,7.0,,20160407.0
1375843,4984168,2345,,,0.0,,20160322.0
916166,3994945,1569,5054.0,200:30,4.0,20160423.0,
1055717,4652739,8607,,,0.0,,20160626.0
362338,4598618,5341,,,0.0,,20160210.0
1174563,754907,3381,,,0.0,,20160102.0
